{"cameraMode":{"drawMode":0,"name":"Shaded","section":"Shading Mode"},"sceneLighting":true,"audioPlay":false,"sceneViewState":{"showFog":true,"showMaterialUpdate":false,"showSkybox":true,"showFlares":true,"showImageEffects":true,"showParticleSystems":true},"in2DMode":false,"pivot":{"x":0.004832237958908081,"y":1.2476825714111329,"z":-10.219670295715332},"rotation":{"x":0.015299772843718529,"y":0.034484803676605228,"z":-0.0005275281146168709,"w":0.999295711517334},"size":5.070252418518066,"orthographic":false}